,SampleA,SampleB
CHR10:126147431:M,216.45,975.87
CHR10:68578220:P,0.00,489.16
CHR10:82417845:P,442.86,176.10
CHR10:82456766:P,0.00,1122.62
CHR10:82456767:P,0.00,1291.38
CHR10:82456768:P,0.00,462.25
CHR10:82456769:P,0.00,205.45
CHR11:10157342:M,252.53,278.82
CHR11:10157343:M,276.17,254.36
CHR11:116704849:P,0.00,290.56
CHR11:48616672:P,223.92,0.00
CHR11:55282969:P,0.00,205.45
CHR11:83254033:M,261.24,0.00
CHR11:83254034:M,156.74,0.00
CHR11:83254035:M,306.02,0.00
CHR12:70260545:P,223.92,440.24
CHR12:70462203:M,223.92,440.24
CHR12:87691011:M,0.00,322.84
CHR13:18307132:M,1693.95,1160.25
CHR13:96732102:M,395.59,0.00
CHR14:47574599:M,0.00,247.02
CHR15:64174492:P,298.56,456.55
CHR15:86025181:P,186.60,0.00
CHR16:18533422:M,604.58,1115.28
CHR16:19911774:M,0.00,205.45
CHR16:19911775:M,0.00,462.25
CHR16:57391780:M,186.60,0.00
CHR17:39983297:P,604.58,1115.28
CHR17:39983606:P,208.99,0.00
CHR17:39983607:P,731.47,154.08
CHR17:39983608:P,358.27,161.42
CHR17:39983609:P,522.48,278.82
CHR17:39983610:P,865.82,410.89
CHR17:39983611:P,194.06,0.00
CHR17:39983628:P,221.43,0.00
CHR17:39983629:P,417.98,0.00
CHR17:39983967:P,0.00,154.08
CHR17:39983968:P,298.56,300.83
CHR17:39983970:P,0.00,168.76
CHR17:39983973:P,0.00,190.77
CHR17:39983974:P,0.00,205.45
CHR17:39983975:P,0.00,161.42
CHR17:39983976:P,0.00,242.13
CHR17:39984076:P,365.73,183.43
CHR17:39984499:P,442.86,176.10
CHR17:50559479:M,0.00,476.93
CHR17:50559480:M,0.00,869.48
CHR18:24837455:P,0.00,161.42
CHR18:36961519:P,0.00,974.40
CHR18:36961626:P,0.00,8892.89
CHR18:36961627:P,0.00,2641.45
CHR18:36961628:P,0.00,469.59
CHR18:36961629:P,0.00,9553.25
CHR18:36961630:P,0.00,69132.66
CHR18:36961631:P,0.00,34016.03
CHR18:36961632:P,0.00,35754.98
CHR18:36961633:P,0.00,5459.00
CHR18:36961634:P,0.00,748.41
CHR18:36961635:P,0.00,8184.10
CHR19:46416763:P,398.08,0.00
CHR19:46417046:P,398.08,0.00
CHR1:134756371:P,306.02,0.00
CHR1:134756373:P,261.24,0.00
CHR1:164293058:P,395.59,547.86
CHR1:164293059:P,655.58,667.70
CHR2:120466458:M,0.00,437.31
CHR2:120466459:M,0.00,282.98
CHR2:169411291:P,224.67,0.00
CHR2:5300407:M,0.00,283.71
CHR2:5300408:M,0.00,176.10
CHR2:72850822:M,246.31,242.13
CHR2:72850976:M_-_9,283.63,264.15
CHR2:72850977:M_-_10,179.13,0.00
CHR3:117489583:P,4806.79,5165.51
CHR3:135603731:P,164.21,381.54
CHR3:135603732:P,276.17,254.36
CHR3:135603733:P,536.16,462.25
CHR4:43505930:M,602.09,205.45
CHR5:104842049:P,313.49,161.42
CHR5:104842050:P,243.47,214.41
CHR5:104842051:P,376.93,486.71
CHR5:121495932:M,0.00,205.45
CHR5:147072599:P_+_11,179.13,0.00
CHR5:17282585:M_+_13,0.00,283.71
CHR5:17282586:M_+_12,0.00,176.10
CHR6:148357105:P,4013.37,1626.33
CHR6:30329200:P,0.00,282.98
CHR6:30329201:P,0.00,437.31
CHR6:3150772:P,221.43,0.00
CHR6:3150773:P,417.98,0.00
CHR6:3151111:P,0.00,154.08
CHR6:3151112:P,283.63,315.51
CHR6:3151114:P,0.00,168.76
CHR6:3151117:P,0.00,176.10
CHR6:3151118:P,0.00,190.77
CHR6:3151119:P,0.00,161.42
CHR6:3151120:P,0.00,227.46
CHR6:3151220:P,365.73,183.43
CHR6:3151643:P,442.86,176.10
CHR6:47738096:M,435.04,596.84
CHR6:47738178:M,2179.48,4827.99
CHR7:110962345:M,180.50,196.64
CHR7:110976351:M,180.50,196.64
CHR7:27245906:M,188.09,0.00
CHR8:126077971:M,186.60,0.00
CHR8:126077972:M,423.21,0.00
CHR8:126077974:M,361.01,0.00
CHR8:126077975:M,303.53,0.00
CHR8:126077976:M,267.96,0.00
CHR8:126077977:M,378.42,0.00
CHR8:126077978:M,217.95,0.00
CHR8:126077979:M,156.74,0.00
CHR8:126088197:M,0.00,466.66
CHR8:126088198:M,0.00,292.76
CHR8:126088199:M,0.00,599.57
CHR8:126088200:M,0.00,1226.91
CHR8:126088201:M,0.00,1181.32
CHR8:126088202:M,0.00,1051.34
CHR8:126088203:M,0.00,1405.11
CHR8:126088204:M,0.00,819.34
CHR8:126088205:M,0.00,1243.68
CHR8:126088206:M,0.00,847.47
CHR8:126088207:M,0.00,484.27
CHR8:126088208:M,0.00,799.77
CHR8:126088209:M,0.00,553.97
CHR8:126088210:M,0.00,480.60
CHR8:126088213:M,0.00,432.90
CHR8:126088215:M,0.00,298.39
CHR8:126088217:M,0.00,425.57
CHR8:126088219:M,0.00,168.76
CHR8:126088221:M,0.00,308.17
CHR8:126088222:M,0.00,359.53
CHR8:35143364:P,0.00,205.45
CHR9:102913758:M,0.00,437.31
CHR9:102913759:M,0.00,282.98
CHR9:118584101:M,251.78,273.93
CHR9:118584102:M,440.87,327.74
CHR9:71811247:P,166.70,418.23
CHRX:133314529:P,0.00,176.10
CHRX:5684008:P,238.85,0.00
CHRX:5684089:P,298.56,704.39
CHRX:5684090:P,201.53,733.74
CHRX:5684091:P,0.00,374.21
CHRX:5684092:P,208.99,491.60
CHRX:5684094:P,350.81,0.00
CHRX:5684096:P,208.99,0.00
CHRX:5684101:P,194.06,0.00
CHRX:5684103:P,231.38,0.00
CHRX:5684105:P,186.60,172.43
CHRX:5684106:P,179.13,231.13
chr1.tRNA1002-GluCTC_0_29_72_R-,477.69,381.54
chr1.tRNA1002-GluCTC_0_30_72_R-,194.06,176.10
chr1.tRNA1002-GluCTC_1_28_72_-,356.78,265.61
chr1.tRNA1002-GluCTC_1_29_72_-,927.02,610.47
chr1.tRNA1002-GluCTC_1_30_72_-,365.73,252.41
chr1.tRNA1392-GlyGCC_0_27_71_-,355.01,0.00
chr1.tRNA1392-GlyGCC_0_28_71_-,301.68,0.00
chr1.tRNA1392-GlyGCC_0_29_71_-,13597.97,1624.49
chr1.tRNA1392-GlyGCC_0_30_71_-,3096.18,598.33
chr1.tRNA1392-GlyGCC_1_29_71_-,205.19,0.00
chr1.tRNA699-GlyGCC_0_27_71_+,355.01,0.00
chr1.tRNA699-GlyGCC_0_28_71_+,301.68,0.00
chr1.tRNA699-GlyGCC_0_29_71_+,13597.97,1624.49
chr1.tRNA699-GlyGCC_0_30_71_+,3096.18,598.33
chr1.tRNA699-GlyGCC_1_29_71_+,205.19,0.00
chr1.tRNA699-GlyGCC_52_73_71_R+,156.74,0.00
chr1.tRNA702-GlyGCC_0_28_71_+,0.00,979.54
chr1.tRNA702-GlyGCC_0_29_71_+,3544.63,355.86
chr1.tRNA704-GlyGCC_0_28_71_+,0.00,979.54
chr1.tRNA704-GlyGCC_0_29_71_+,3544.63,355.86
chr1.tRNA706-GlyGCC_0_28_71_+,0.00,979.54
chr1.tRNA706-GlyGCC_0_29_71_+,3544.63,355.86
chr1.tRNA709-GluCTC_0_27_72_+,356.78,265.61
chr1.tRNA709-GluCTC_0_28_72_+,927.02,610.47
chr1.tRNA709-GluCTC_0_29_72_+,365.73,252.41
chr1.tRNA996-GluCTC_1_28_72_-,356.78,265.61
chr1.tRNA996-GluCTC_1_29_72_-,927.02,610.47
chr1.tRNA996-GluCTC_1_30_72_-,365.73,252.41
chr1.tRNA999-GluCTC_1_28_72_-,356.78,265.61
chr1.tRNA999-GluCTC_1_29_72_-,927.02,610.47
chr1.tRNA999-GluCTC_1_30_72_-,365.73,252.41
chr10.tRNA1282-TrpCCA_46_68_72_-,169.18,0.00
chr10.tRNA1282-TrpCCA_46_69_72_-,348.32,0.00
chr10.tRNA81-GluCTC_0_27_72_+,356.78,265.61
chr10.tRNA81-GluCTC_0_28_72_+,927.02,610.47
chr10.tRNA81-GluCTC_0_29_72_+,365.73,252.41
chr11.tRNA1819-GlyGCC_0_27_71_-,355.01,0.00
chr11.tRNA1819-GlyGCC_0_28_71_-,301.68,0.00
chr11.tRNA1819-GlyGCC_0_29_71_-,13597.97,1624.49
chr11.tRNA1819-GlyGCC_0_30_71_-,3096.18,598.33
chr11.tRNA1819-GlyGCC_1_29_71_-,205.19,0.00
chr11.tRNA1819-GlyGCC_52_73_71_R-,156.74,0.00
chr11.tRNA1820-TrpCCA_46_68_72_-,169.18,0.00
chr11.tRNA1820-TrpCCA_46_69_72_-,348.32,0.00
chr11.tRNA1849-TrpCCA_46_68_72_-,169.18,0.00
chr11.tRNA1849-TrpCCA_46_69_72_-,348.32,0.00
chr11.tRNA1880-TrpCCA_46_68_72_-,283.63,0.00
chr11.tRNA1912-GluCTC_1_28_72_-,356.78,265.61
chr11.tRNA1912-GluCTC_1_29_72_-,927.02,610.47
chr11.tRNA1912-GluCTC_1_30_72_-,365.73,252.41
chr11.tRNA398-TrpCCA_45_67_72_+,169.18,0.00
chr11.tRNA398-TrpCCA_45_68_72_+,348.32,0.00
chr13.tRNA1001-GluCTC_1_28_72_-,356.78,265.61
chr13.tRNA1001-GluCTC_1_29_72_-,927.02,610.47
chr13.tRNA1001-GluCTC_1_30_72_-,365.73,252.41
chr13.tRNA107-TrpCCA_45_67_72_+,169.18,0.00
chr13.tRNA107-TrpCCA_45_68_72_+,348.32,0.00
chr13.tRNA109-TrpCCA_45_67_72_+,169.18,0.00
chr13.tRNA109-TrpCCA_45_68_72_+,348.32,0.00
chr13.tRNA110-GlyGCC_0_27_71_+,355.01,0.00
chr13.tRNA110-GlyGCC_0_28_71_+,301.68,0.00
chr13.tRNA110-GlyGCC_0_29_71_+,13597.97,1624.49
chr13.tRNA110-GlyGCC_0_30_71_+,3096.18,598.33
chr13.tRNA110-GlyGCC_1_29_71_+,205.19,0.00
chr13.tRNA110-GlyGCC_52_73_71_R+,156.74,0.00
chr13.tRNA69-AlaAGC_53_74_72_R+,0.00,161.42
chr13.tRNA77-GlyGCC_0_27_71_+,355.01,0.00
chr13.tRNA77-GlyGCC_0_28_71_+,301.68,0.00
chr13.tRNA77-GlyGCC_0_29_71_+,13597.97,1624.49
chr13.tRNA77-GlyGCC_0_30_71_+,3096.18,598.33
chr13.tRNA77-GlyGCC_1_29_71_+,205.19,0.00
chr13.tRNA77-GlyGCC_52_73_71_R+,156.74,0.00
chr14.tRNA191-TyrGTA_71_92_90_R+,154.26,0.00
chr17.tRNA113-GlyCCC_52_73_71_R+,1171.84,1129.95
chr17.tRNA113-GlyCCC_56_69_71_+,0.00,205.45
chr17.tRNA113-GlyCCC_56_73_71_R+,283.63,410.89
chr2.tRNA1747-GlyGCC_0_27_71_-,355.01,0.00
chr2.tRNA1747-GlyGCC_0_28_71_-,301.68,0.00
chr2.tRNA1747-GlyGCC_0_29_71_-,13597.97,1624.49
chr2.tRNA1747-GlyGCC_0_30_71_-,3096.18,598.33
chr2.tRNA1747-GlyGCC_1_29_71_-,205.19,0.00
chr2.tRNA1747-GlyGCC_52_73_71_R-,156.74,0.00
chr3.tRNA28-TyrGTA_70_91_89_R+,154.26,0.00
chr3.tRNA282-GlyCCC_0_27_71_+,355.01,0.00
chr3.tRNA282-GlyCCC_0_28_71_+,301.68,0.00
chr3.tRNA282-GlyCCC_0_29_71_+,13594.99,1624.49
chr3.tRNA282-GlyCCC_0_30_71_+,3096.18,598.33
chr3.tRNA282-GlyCCC_1_29_71_+,205.19,0.00
chr3.tRNA287-GlyCCC_52_73_71_R+,156.74,0.00
chr3.tRNA303-GluCTC_0_27_72_+,356.78,265.61
chr3.tRNA303-GluCTC_0_28_72_+,927.02,610.47
chr3.tRNA303-GluCTC_0_29_72_+,365.73,252.41
chr3.tRNA745-GluCTC_1_28_72_-,356.78,265.61
chr3.tRNA745-GluCTC_1_29_72_-,927.02,610.47
chr3.tRNA745-GluCTC_1_30_72_-,365.73,252.41
chr3.tRNA752-GlyCCC_52_73_71_R-,156.74,0.00
chr3.tRNA755-GlyCCC_52_73_71_R-,156.74,0.00
chr3.tRNA878-GlyGCC_0_27_71_-,355.01,0.00
chr3.tRNA878-GlyGCC_0_28_71_-,301.68,0.00
chr3.tRNA878-GlyGCC_0_29_71_-,13597.97,1624.49
chr3.tRNA878-GlyGCC_0_30_71_-,3096.18,598.33
chr3.tRNA878-GlyGCC_1_29_71_-,205.19,0.00
chr3.tRNA878-GlyGCC_52_73_71_R-,156.74,0.00
chr4.tRNA67-GlyCCC_52_73_71_R+,156.74,0.00
chr5.tRNA109-TyrGTA_70_91_89_R+,154.26,0.00
chr5.tRNA1317-AlaTGC_54_74_72_-,417.98,381.54
chr6.tRNA317-GlyCCC_52_73_71_R+,1171.84,1129.95
chr6.tRNA317-GlyCCC_56_69_71_+,0.00,205.45
chr6.tRNA317-GlyCCC_56_73_71_R+,283.63,410.89
chr7.tRNA967-GluCTC_0_28_72_R-,164.21,190.77
chr8.tRNA560-GlyGCC_0_26_71_+,331.13,0.00
chr8.tRNA560-GlyGCC_0_27_71_+,297.20,0.00
chr8.tRNA560-GlyGCC_0_28_71_+,13037.50,1551.52
chr8.tRNA560-GlyGCC_0_29_71_+,2962.51,558.97
chr8.tRNA560-GlyGCC_1_28_71_+,202.21,0.00
chr8.tRNA886-GlyGCC_0_27_71_-,355.01,0.00
chr8.tRNA886-GlyGCC_0_28_71_-,301.68,0.00
chr8.tRNA886-GlyGCC_0_29_71_-,13587.52,1624.49
chr8.tRNA886-GlyGCC_0_30_71_-,3094.69,598.33
chr8.tRNA886-GlyGCC_1_29_71_-,205.19,0.00
chr8.tRNA887-GlyGCC_0_27_71_-,355.01,0.00
chr8.tRNA887-GlyGCC_0_28_71_-,301.68,0.00
chr8.tRNA887-GlyGCC_0_29_71_-,13593.49,1624.49
chr8.tRNA887-GlyGCC_0_30_71_-,3096.18,598.33
chr8.tRNA887-GlyGCC_1_29_71_-,205.19,0.00
mmu-let-7a-1-5p,1835.39,562.53
mmu-let-7a-2-5p,1850.31,562.53
mmu-let-7b-5p,3694.66,1966.41
mmu-let-7c-1-5p,2234.71,675.04
mmu-let-7c-2-5p,2331.74,733.74
mmu-let-7d-3p,298.56,0.00
mmu-let-7d-5p,6006.62,2202.13
mmu-let-7f-1-5p,1239.02,441.79
mmu-let-7f-2-5p,1354.71,471.14
mmu-let-7g-5p,1679.39,520.95
mmu-let-7i-5p,9128.42,4380.41
mmu-mir-103-1-3p,2816.40,1919.94
mmu-mir-103-2-3p,2831.33,1919.94
mmu-mir-106b-3p,2007.80,369.31
mmu-mir-106b-3p_-_2,208.99,0.00
mmu-mir-107-3p,786.20,503.83
mmu-mir-10b-5p,507.55,0.00
mmu-mir-122-5p,283.63,0.00
mmu-mir-128-1-3p,4097.71,2333.28
mmu-mir-128-2-3p,2754.20,1584.87
mmu-mir-130b-3p,0.00,161.42
mmu-mir-130b-5p,208.99,0.00
mmu-mir-140-3p,5717.39,6060.66
mmu-mir-140-3p_+_1,15383.21,22606.42
mmu-mir-140-3p_+_2,492.62,645.69
mmu-mir-142-5p,0.00,176.10
mmu-mir-142-5p_-_1,417.98,322.84
mmu-mir-142-5p_-_2,4105.18,6134.04
mmu-mir-146a-5p,373.20,0.00
mmu-mir-146b-5p,398.08,0.00
mmu-mir-148a-3p,2821.38,4593.19
mmu-mir-148b-3p,1462.94,249.47
mmu-mir-150-5p,1403.22,425.57
mmu-mir-151-3p,913.59,777.76
mmu-mir-151-5p,403.05,154.08
mmu-mir-15a-5p,194.06,0.00
mmu-mir-15b-3p,253.77,0.00
mmu-mir-15b-5p,301.05,0.00
mmu-mir-16-1-5p,7143.01,616.34
mmu-mir-16-2-5p,7157.93,601.66
mmu-mir-17-5p,283.63,0.00
mmu-mir-181a-1-3p,179.13,0.00
mmu-mir-181a-1-5p,783.72,1863.69
mmu-mir-181a-2-5p,783.72,1863.69
mmu-mir-181b-1-5p,388.13,247.02
mmu-mir-181b-2-5p,522.48,327.74
mmu-mir-181c-3p,179.13,234.80
mmu-mir-181c-5p,417.98,733.74
mmu-mir-181d-5p,955.39,481.82
mmu-mir-1839-5p,164.21,0.00
mmu-mir-185-5p,664.29,1262.03
mmu-mir-186-5p,4851.57,3477.91
mmu-mir-186-5p_+_1,164.21,0.00
mmu-mir-18a-3p,223.92,161.42
mmu-mir-191-5p,38588.65,30699.54
mmu-mir-191-5p_+_1,3239.36,3125.72
mmu-mir-192-5p,1104.67,528.29
mmu-mir-193b-3p,208.99,308.17
mmu-mir-19b-1-3p,380.66,0.00
mmu-mir-19b-2-3p,380.66,0.00
mmu-mir-21-5p,1313.66,161.42
mmu-mir-210-3p,447.84,719.06
mmu-mir-22-3p,1880.92,1144.63
mmu-mir-221-3p,179.13,190.77
mmu-mir-222-3p,223.92,0.00
mmu-mir-223-3p,1224.09,535.63
mmu-mir-23a-3p,201.53,0.00
mmu-mir-23b-3p,276.17,232.35
mmu-mir-24-1-3p,455.30,205.45
mmu-mir-24-2-3p,455.30,205.45
mmu-mir-25-3p,42977.46,15672.61
mmu-mir-25-3p_+_1,806.11,0.00
mmu-mir-26a-1-5p,14524.86,628.57
mmu-mir-26a-2-5p,14524.86,628.57
mmu-mir-26b-5p,686.68,180.99
mmu-mir-27b-3p,1239.02,557.64
mmu-mir-29a-3p,388.13,0.00
mmu-mir-30a-3p,432.91,0.00
mmu-mir-30a-5p,3746.91,542.97
mmu-mir-30b-5p,403.05,161.42
mmu-mir-30c-1-5p,6777.27,2355.29
mmu-mir-30c-2-5p,6777.27,2355.29
mmu-mir-30d-5p,12181.18,3081.69
mmu-mir-30e-3p,1865.99,352.19
mmu-mir-30e-5p,1253.94,275.15
mmu-mir-3107-5p,177196.81,260694.14
mmu-mir-3107-5p_+_2,1589.82,2862.80
mmu-mir-3107-5p_-_1,0.00,176.10
mmu-mir-320-3p,1373.37,3213.77
mmu-mir-320-3p_+_1,0.00,249.47
mmu-mir-324-5p,388.13,0.00
mmu-mir-326-3p,179.13,192.87
mmu-mir-328-3p,1336.55,2067.18
mmu-mir-339-5p,821.04,953.86
mmu-mir-361-3p_+_1,283.63,0.00
mmu-mir-361-5p,179.13,0.00
mmu-mir-374-5p,164.21,0.00
mmu-mir-378-3p,1704.27,4221.43
mmu-mir-378-3p_+_1,232.63,311.84
mmu-mir-378-5p,313.49,0.00
mmu-mir-421-3p,507.55,0.00
mmu-mir-423-3p,2381.00,3852.12
mmu-mir-423-3p_-_1,432.91,645.69
mmu-mir-423-5p,2119.76,2978.97
mmu-mir-425-5p,3642.41,2480.03
mmu-mir-451,19301.79,1951.74
mmu-mir-484,328.41,454.92
mmu-mir-486-5p,178988.16,263027.43
mmu-mir-486-5p_+_2,2082.44,3244.34
mmu-mir-486-5p_-_1,0.00,161.42
mmu-mir-5109,171.67,1137.29
mmu-mir-5109_+_1,0.00,609.00
mmu-mir-5109_+_5,171.67,0.00
mmu-mir-5109_-_1,0.00,161.42
mmu-mir-652-3p,298.56,0.00
mmu-mir-744-5p,1156.91,1122.62
mmu-mir-92a-1-3p,66981.54,25798.18
mmu-mir-92a-1-3p_+_1,992.71,1276.70
mmu-mir-92a-2-3p,2298.90,880.48
mmu-mir-93-5p,1552.50,880.48
mmu-mir-98-5p,197.05,0.00
